"Comment","Designator","Footprint","LCSC Part #"
"BATTERY_CR2032","BT1","Battery:BatteryHolder_Keystone_1060_1x2032","C70377"
"1u","C1","hellen-one-common:C0603","C15849"
"1u","C2","hellen-one-common:C0603","C15849"
"100nF","C3","Capacitor_SMD:C_0402_1005Metric","C307331"
"10u","C4","Capacitor_SMD:C_0603_1608Metric","C96446"
"10u","C5","Capacitor_SMD:C_0603_1608Metric","C96446"
"10u","C6","Capacitor_SMD:C_0603_1608Metric","C96446"
"100nF","C7","Capacitor_SMD:C_0402_1005Metric","C307331"
"5.6nF","C8","Capacitor_SMD:C_0402_1005Metric","C115688"
"10u","C9","Capacitor_SMD:C_0603_1608Metric","C96446"
"10nF","C10","Capacitor_SMD:C_0402_1005Metric","C15195"
"10u","C11","Capacitor_SMD:C_0603_1608Metric","C96446"
"10u","C12","Capacitor_SMD:C_0603_1608Metric","C96446"
"10u","C13","Capacitor_SMD:C_0603_1608Metric","C96446"
"220nF","C14","Capacitor_SMD:C_0402_1005Metric","C16772"
"10u","C15","Capacitor_SMD:C_0603_1608Metric","C96446"
"100nF","C16","Capacitor_SMD:C_0402_1005Metric","C307331"
"100nF","C17","Capacitor_SMD:C_0402_1005Metric","C307331"
"10u","C18","Capacitor_SMD:C_0603_1608Metric","C96446"
"100nF","C19","Capacitor_SMD:C_0402_1005Metric","C307331"
"10u","C20","Capacitor_SMD:C_0603_1608Metric","C96446"
"100nF","C21","Capacitor_SMD:C_0402_1005Metric","C307331"
"100n","C22","hellen-one-common:C0603","C14663"
"100nF","C23","Capacitor_SMD:C_0402_1005Metric","C307331"
"cr","cr1","Connector_PinHeader_1.00mm:PinHeader_1x01_P1.00mm_Vertical",""
"cr","cr2","Connector_PinHeader_1.00mm:PinHeader_1x01_P1.00mm_Vertical",""
"cr","cr3","Connector_PinHeader_1.00mm:PinHeader_1x01_P1.00mm_Vertical",""
"cr","cr4","Connector_PinHeader_1.00mm:PinHeader_1x01_P1.00mm_Vertical",""
"cr","cr5","Connector_PinHeader_1.00mm:PinHeader_1x01_P1.00mm_Vertical",""
"cr","cr6","Connector_PinHeader_1.00mm:PinHeader_1x01_P1.00mm_Vertical",""
"cr","cr7","Connector_PinHeader_1.00mm:PinHeader_1x01_P1.00mm_Vertical",""
"cr","cr8","Connector_PinHeader_1.00mm:PinHeader_1x01_P1.00mm_Vertical",""
"cr","cr9","Connector_PinHeader_1.00mm:PinHeader_1x01_P1.00mm_Vertical",""
"cr","cr10","Connector_PinHeader_1.00mm:PinHeader_1x01_P1.00mm_Vertical",""
"cr","cr11","Connector_PinHeader_1.00mm:PinHeader_1x01_P1.00mm_Vertical",""
"cr","cr12","Connector_PinHeader_1.00mm:PinHeader_1x01_P1.00mm_Vertical",""
"cr","cr13","Connector_PinHeader_1.00mm:PinHeader_1x01_P1.00mm_Vertical",""
"cr","cr14","Connector_PinHeader_1.00mm:PinHeader_1x01_P1.00mm_Vertical",""
"cr","cr15","Connector_PinHeader_1.00mm:PinHeader_1x01_P1.00mm_Vertical",""
"cr","cr16","Connector_PinHeader_1.00mm:PinHeader_1x01_P1.00mm_Vertical",""
"cr","cr17","Connector_PinHeader_1.00mm:PinHeader_1x01_P1.00mm_Vertical",""
"cr","cr18","Connector_PinHeader_1.00mm:PinHeader_1x01_P1.00mm_Vertical",""
"cr","cr19","Connector_PinHeader_1.00mm:PinHeader_1x01_P1.00mm_Vertical",""
"cr","cr20","Connector_PinHeader_1.00mm:PinHeader_1x01_P1.00mm_Vertical",""
"cr","cr21","Connector_PinHeader_1.00mm:PinHeader_1x01_P1.00mm_Vertical",""
"cr","cr22","Connector_PinHeader_1.00mm:PinHeader_1x01_P1.00mm_Vertical",""
"B5819W","D1","Diode_SMD:D_SOD-123","C8598"
"B5819W","D2","Diode_SMD:D_SOD-123","C8598"
"1N4148WS","D3","Diode_SMD:D_SOD-323","C2128"
"1N4148WS","D4","Diode_SMD:D_SOD-323","C2128"
"B5819W","D5","Diode_SMD:D_SOD-123","C8598"
"B5819W","D6","Diode_SMD:D_SOD-123","C8598"
"1N4148WS","D7","Diode_SMD:D_SOD-323","C2128"
"LED-RED-0603","D8","LED_SMD:LED_0603_1608Metric","C2286"
"1N4148WS","D9","Diode_SMD:D_SOD-323","C2128"
"LED-RED-0603","D10","LED_SMD:LED_0603_1608Metric","C2286"
"1N4148WS","D11","Diode_SMD:D_SOD-323","C2128"
"LED-RED-0603","D12","LED_SMD:LED_0603_1608Metric","C2286"
"1N4148WS","D13","Diode_SMD:D_SOD-323","C2128"
"LED-RED-0603","D14","LED_SMD:LED_0603_1608Metric","C2286"
"1N4148WS","D15","Diode_SMD:D_SOD-323","C2128"
"LED-RED-0603","D16","LED_SMD:LED_0603_1608Metric","C2286"
"1N4148WS","D17","Diode_SMD:D_SOD-323","C2128"
"LED-RED-0603","D18","LED_SMD:LED_0603_1608Metric","C2286"
"1N4148WS","D19","Diode_SMD:D_SOD-323","C2128"
"LED-RED-0603","D20","LED_SMD:LED_0603_1608Metric","C2286"
"1N4148WS","D21","Diode_SMD:D_SOD-323","C2128"
"LED-RED-0603","D22","LED_SMD:LED_0603_1608Metric","C2286"
"LED-BLUE-0603","D23","LED_SMD:LED_0603_1608Metric","C72041"
"LED-BLUE-0603","D24","LED_SMD:LED_0603_1608Metric","C72041"
"LED-BLUE-0603","D25","LED_SMD:LED_0603_1608Metric","C72041"
"LED-BLUE-0603","D26","LED_SMD:LED_0603_1608Metric","C72041"
"LED-BLUE-0603","D27","LED_SMD:LED_0603_1608Metric","C72041"
"LED-BLUE-0603","D28","LED_SMD:LED_0603_1608Metric","C72041"
"LED-BLUE-0603","D29","LED_SMD:LED_0603_1608Metric","C72041"
"LED-BLUE-0603","D30","LED_SMD:LED_0603_1608Metric","C72041"
"LED-GREEN-0603","D31","LED_SMD:LED_0603_1608Metric","C72043"
"LED-GREEN-0603","D32","LED_SMD:LED_0603_1608Metric","C72043"
"LED-GREEN-0603","D33","LED_SMD:LED_0603_1608Metric","C72043"
"1N4148WS","D34","Diode_SMD:D_SOD-323","C2128"
"LED-GREEN-0603","D35","LED_SMD:LED_0603_1608Metric","C72043"
"1N4148WS","D36","Diode_SMD:D_SOD-323","C2128"
"LED-RED-0603","D37","LED_SMD:LED_0603_1608Metric","C2286"
"1N4148WS","D38","Diode_SMD:D_SOD-323","C2128"
"LED-RED-0603","D39","LED_SMD:LED_0603_1608Metric","C2286"
"1N4148WS","D40","Diode_SMD:D_SOD-323","C2128"
"LED-WHITE-0603","D41","LED_SMD:LED_0603_1608Metric","C84265"
"1N4148WS","D42","Diode_SMD:D_SOD-323","C2128"
"1N4148WS","D43","hellen-one-common:SOD-323","C2128"
"10A","F1","hellen-one-common:36911600000","C354908"
"10A","F2","hellen-one-common:36911600000","C354908"
"10A","F3","hellen-one-common:36911600000","C354908"
"10A","F4","hellen-one-common:36911600000","C354908"
"10A","F5","hellen-one-common:36911600000","C354908"
"10A","F6","hellen-one-common:36911600000","C354908"
"10A","F7","hellen-one-common:36911600000","C354908"
"10A","F8","hellen-one-common:36911600000","C354908"
"PROTO_AREA","G1","hellen-one-common:PROTO_AREA",""
"PROTO_AREA","G2","hellen-one-common:PROTO_AREA",""
"PROTO_AREA","G3","hellen-one-common:PROTO_AREA",""
"PROTO_AREA","G4","hellen-one-common:PROTO_AREA",""
"MountingHole","H1","MountingHole:MountingHole_4.3mm_M4_DIN965",""
"MountingHole","H2","MountingHole:MountingHole_4.3mm_M4_DIN965",""
"Conn_01x05","J1","Connector_PinHeader_2.54mm:PinHeader_1x05_P2.54mm_Vertical",""
"MiniFit","J2","Connector_Molex:Molex_Mini-Fit_Jr_5569-02A2_2x01_P4.20mm_Horizontal",""
"VRIN1","J3","Connector_PinHeader_1.00mm:PinHeader_1x01_P1.00mm_Vertical",""
"VRIN2","J4","Connector_PinHeader_1.00mm:PinHeader_1x01_P1.00mm_Vertical",""
"AudioJack_THR","J5","hellen-one-common:Jack_3.5mm_PJ-3250-5A","C165947"
"VROUT1","J6","Connector_PinHeader_1.00mm:PinHeader_1x01_P1.00mm_Vertical",""
"ETB","J7","Connector_PinHeader_2.54mm:PinHeader_1x06_P2.54mm_Vertical",""
"PPS","J8","Connector_PinHeader_2.54mm:PinHeader_1x04_P2.54mm_Vertical",""
"XH-8A","J9","kicad6:XH-8A","C10385"
"Conn_01x05","J10","Connector_PinHeader_2.00mm:PinHeader_1x05_P2.00mm_Vertical",""
"USB_B_Mini","J11","hellen-one-common:USB-MINI-B-VERTICAL","C13453"
"Jumper_2_Open","JP1","hellen-one-common:PAD-0805-PAD","C17477"
"Jumper_2_Open","JP2","hellen-one-common:PAD-0805-PAD","C17477"
"Jumper_2_Open","JP3","hellen-one-common:PAD-0805-PAD","C17477"
"Jumper_2_Open","JP4","hellen-one-common:PAD-0805-PAD","C17477"
"Jumper_2_Open","JP5","hellen-one-common:PAD-0805-PAD","C17477"
"Jumper_2_Open","JP6","hellen-one-common:PAD-0805-PAD","C17477"
"Jumper_2_Open","JP7","hellen-one-common:PAD-0805-PAD","C17477"
"Jumper_2_Open","JP8","hellen-one-common:PAD-0805-PAD","C17477"
"Jumper_2_Open","JP9","hellen-one-common:PAD-0805-PAD","C17477"
"Jumper_2_Open","JP10","hellen-one-common:PAD-0805-PAD",""
"Jumper_2_Open","JP11","hellen-one-common:PAD-0805-PAD",""
"Jumper_2_Open","JP12","hellen-one-common:PAD-0805-PAD","C17477"
"Jumper_2_Open","JP13","hellen-one-common:PAD-0805-PAD","C17477"
"Jumper_2_Open","JP14","hellen-one-common:PAD-0805-PAD","C17477"
"Jumper_2_Open","JP15","hellen-one-common:PAD-0805-PAD","C17477"
"Jumper_2_Open","JP16","hellen-one-common:PAD-0805-PAD","C17477"
"Jumper_2_Open","JP17","hellen-one-common:PAD-0805-PAD","C17477"
"Jumper_2_Open","JP18","hellen-one-common:PAD-0805-PAD","C17477"
"Jumper_2_Open","JP19","hellen-one-common:PAD-0805-PAD","C17477"
"Jumper_2_Open","JP20","hellen-one-common:PAD-0805-PAD",""
"Jumper_2_Open","JP21","hellen-one-common:PAD-0805-PAD","C17477"
"Jumper_2_Open","JP22","hellen-one-common:PAD-0805-PAD","C17477"
"Jumper_2_Open","JP23","hellen-one-common:PAD-0805-PAD","C17477"
"Jumper_2_Open","JP24","hellen-one-common:PAD-0805-PAD","C17477"
"Jumper_2_Open","JP25","hellen-one-common:PAD-0805-PAD","C17477"
"Jumper_2_Open","JP26","hellen-one-common:PAD-1206-PAD","C182446"
"Jumper_2_Open","JP27","hellen-one-common:PAD-1206-PAD","C182446"
"Jumper_2_Open","JP28","hellen-one-common:PAD-0805-PAD","C17477"
"Jumper_2_Open","JP29","hellen-one-common:PAD-0805-PAD","C17477"
"Jumper_2_Open","JP30","hellen-one-common:PAD-0805-PAD","C17477"
"Jumper_2_Open","JP31","hellen-one-common:PAD-0805-PAD","C17477"
"Jumper_2_Open","JP32","hellen-one-common:PAD-0805-PAD","C17477"
"Jumper_2_Open","JP33","hellen-one-common:PAD-0805-PAD","C17477"
"Jumper_2_Open","JP34","hellen-one-common:PAD-0805-PAD","C17477"
"Jumper_2_Open","JP35","hellen-one-common:PAD-0805-PAD",""
"IN_KNOCK1_RAW","KNOCK_RAW1","Connector_PinHeader_1.00mm:PinHeader_1x01_P1.00mm_Vertical",""
"IN_KNOCK2_RAW","KNOCK_RAW2","Connector_PinHeader_1.00mm:PinHeader_1x01_P1.00mm_Vertical",""
"Module-power12-0.2","M1","hellen-one-power12-0.2:power12",""
"Module-power5-0.2","M2","hellen-one-power5-0.2:power5",""
"Module-knock-0.1","M3","hellen-one-knock-0.1:knock",""
"Module-knock-0.1","M4","hellen-one-knock-0.1:knock",""
"Module-vr-0.1","M5","hellen-one-vr-0.1:vr",""
"Module-output-0.3","M6","hellen-one-output-0.3:output",""
"Module-input-0.1","M7","hellen-one-input-0.1:input",""
"Module-ign8-0.2","M8","hellen-one-ign8-0.2:ign8",""
"Module-mcu144-0.6","M9","hellen-one-mcu-0.6:mcu",""
"Module-sd-0.1","M10","hellen-one-sd-0.1:sd",""
"Module-can-0.1","M11","hellen-one-can-0.1:can",""
"Module-wbo-0.3","M12","hellen-one-wbo-0.3:wbo",""
"Module-can-0.1","M13","hellen-one-can-0.1:can",""
"MMCU","MMCU1","Connector_PinHeader_1.00mm:PinHeader_1x01_P1.00mm_Vertical",""
"MMCU","MMCU2","Connector_PinHeader_1.00mm:PinHeader_1x01_P1.00mm_Vertical",""
"MMCU","MMCU3","Connector_PinHeader_1.00mm:PinHeader_1x01_P1.00mm_Vertical",""
"MMCU","MMCU4","Connector_PinHeader_1.00mm:PinHeader_1x01_P1.00mm_Vertical",""
"MMCU","MMCU5","Connector_PinHeader_1.00mm:PinHeader_1x01_P1.00mm_Vertical",""
"MMCU","MMCU6","Connector_PinHeader_1.00mm:PinHeader_1x01_P1.00mm_Vertical",""
"MMCU","MMCU7","Connector_PinHeader_1.00mm:PinHeader_1x01_P1.00mm_Vertical",""
"MMCU","MMCU8","Connector_PinHeader_1.00mm:PinHeader_1x01_P1.00mm_Vertical",""
"MMCU","MMCU9","Connector_PinHeader_1.00mm:PinHeader_1x01_P1.00mm_Vertical",""
"MMCU","MMCU10","Connector_PinHeader_1.00mm:PinHeader_1x01_P1.00mm_Vertical",""
"MMCU","MMCU11","Connector_PinHeader_1.00mm:PinHeader_1x01_P1.00mm_Vertical",""
"MMCU","MMCU12","Connector_PinHeader_1.00mm:PinHeader_1x01_P1.00mm_Vertical",""
"MMCU","MMCU13","Connector_PinHeader_1.00mm:PinHeader_1x01_P1.00mm_Vertical",""
"MMCU","MMCU14","Connector_PinHeader_1.00mm:PinHeader_1x01_P1.00mm_Vertical",""
"MMCU","MMCU15","Connector_PinHeader_1.00mm:PinHeader_1x01_P1.00mm_Vertical",""
"MMCU","MMCU16","Connector_PinHeader_1.00mm:PinHeader_1x01_P1.00mm_Vertical",""
"MMCU","MMCU17","Connector_PinHeader_1.00mm:PinHeader_1x01_P1.00mm_Vertical",""
"MMCU","MMCU18","Connector_PinHeader_1.00mm:PinHeader_1x01_P1.00mm_Vertical",""
"MMCU","MMCU19","Connector_PinHeader_1.00mm:PinHeader_1x01_P1.00mm_Vertical",""
"MMCU","MMCU20","Connector_PinHeader_1.00mm:PinHeader_1x01_P1.00mm_Vertical",""
"MMCU","MMCU21","Connector_PinHeader_1.00mm:PinHeader_1x01_P1.00mm_Vertical",""
"MMCU","MMCU22","Connector_PinHeader_1.00mm:PinHeader_1x01_P1.00mm_Vertical",""
"MMCU","MMCU23","Connector_PinHeader_1.00mm:PinHeader_1x01_P1.00mm_Vertical",""
"MMCU","MMCU24","Connector_PinHeader_1.00mm:PinHeader_1x01_P1.00mm_Vertical",""
"MMCU","MMCU25","Connector_PinHeader_1.00mm:PinHeader_1x01_P1.00mm_Vertical",""
"MMCU","MMCU26","Connector_PinHeader_1.00mm:PinHeader_1x01_P1.00mm_Vertical",""
"MMCU","MMCU27","Connector_PinHeader_1.00mm:PinHeader_1x01_P1.00mm_Vertical",""
"MMCU","MMCU28","Connector_PinHeader_1.00mm:PinHeader_1x01_P1.00mm_Vertical",""
"MMCU","MMCU29","Connector_PinHeader_1.00mm:PinHeader_1x01_P1.00mm_Vertical",""
"MMCU","MMCU30","Connector_PinHeader_1.00mm:PinHeader_1x01_P1.00mm_Vertical",""
"MMCU","MMCU31","Connector_PinHeader_1.00mm:PinHeader_1x01_P1.00mm_Vertical",""
"P","P1","Connector_Pin:Pin_D1.0mm_L10.0mm",""
"P","P2","Connector_Pin:Pin_D1.0mm_L10.0mm",""
"P","P3","Connector_Pin:Pin_D1.0mm_L10.0mm",""
"P","P4","Connector_Pin:Pin_D1.0mm_L10.0mm",""
"P","P5","Connector_Pin:Pin_D1.0mm_L10.0mm",""
"P","P6","Connector_Pin:Pin_D1.0mm_L10.0mm",""
"Motronic_88pin","PP1","rusefi_lib_private:88pin_STS",""
"NGD8201AN","Q1","Package_TO_SOT_SMD:TO-252-2","C151649"
"NGD8201AN","Q2","Package_TO_SOT_SMD:TO-252-2","C151649"
"NGD8201AN","Q3","Package_TO_SOT_SMD:TO-252-2","C151649"
"NGD8201AN","Q4","Package_TO_SOT_SMD:TO-252-2","C151649"
"NGD8201AN","Q5","Package_TO_SOT_SMD:TO-252-2","C151649"
"NGD8201AN","Q6","Package_TO_SOT_SMD:TO-252-2","C151649"
"NGD8201AN","Q7","Package_TO_SOT_SMD:TO-252-2","C151649"
"NGD8201AN","Q8","Package_TO_SOT_SMD:TO-252-2","C151649"
"AUIPS2041LTR","Q9","Package_TO_SOT_SMD:SOT-223","C113610"
"AUIPS2041LTR","Q10","Package_TO_SOT_SMD:SOT-223","C113610"
"DNP","R1","Resistor_SMD:R_2512_6332Metric","NA"
"22","R2","hellen-one-common:R0603","C23345"
"22","R3","hellen-one-common:R0603","C23345"
"DNP","R4","Resistor_SMD:R_2512_6332Metric","NA"
"DNP","R5","Resistor_SMD:R_2512_6332Metric","NA"
"22","R6","hellen-one-common:R0603","C23345"
"22","R7","hellen-one-common:R0603","C23345"
"DNP","R8","Resistor_SMD:R_2512_6332Metric","NA"
"DNP","R9","Resistor_SMD:R_2512_6332Metric","NA"
"22","R10","hellen-one-common:R0603","C23345"
"22","R11","hellen-one-common:R0603","C23345"
"DNP","R12","Resistor_SMD:R_2512_6332Metric","NA"
"DNP","R13","Resistor_SMD:R_0402_1005Metric",""
"DNP","R14","Resistor_SMD:R_0402_1005Metric",""
"100k","R15","Resistor_SMD:R_0402_1005Metric","C106234"
"100","R16","Resistor_SMD:R_0402_1005Metric","C106233"
"10k","R17","Resistor_SMD:R_0402_1005Metric","C60489"
"DNP","R18","Resistor_SMD:R_2512_6332Metric","NA"
"22","R19","hellen-one-common:R0603","C23345"
"22","R20","hellen-one-common:R0603","C23345"
"DNP","R21","Resistor_SMD:R_2512_6332Metric","NA"
"2.7k","R22","hellen-one-common:R0603","C13167"
"2.7k","R23","hellen-one-common:R0603","C13167"
"10k","R24","Resistor_SMD:R_0402_1005Metric","C60489"
"10k","R25","Resistor_SMD:R_0402_1005Metric","C60489"
"680k","R26","hellen-one-common:R0603","C25822"
"680k","R27","hellen-one-common:R0603","C25822"
"680k","R28","hellen-one-common:R0603","C25822"
"DNP","R29","hellen-one-common:R0603",""
"DNP","R30","hellen-one-common:R0603",""
"1k6","R31","Resistor_SMD:R_0402_1005Metric","C25931"
"750R","R32","Resistor_SMD:R_0402_1005Metric","C25132"
"5k1","R33","Resistor_SMD:R_0402_1005Metric","C25941"
"5k1","R34","Resistor_SMD:R_0402_1005Metric","C25941"
"5k1","R35","Resistor_SMD:R_0402_1005Metric","C25941"
"20k","R36","Resistor_SMD:R_0402_1005Metric","C25765"
"4.7k","R37","Resistor_SMD:R_0402_1005Metric","C25940"
"4.7k","RN1","Resistor_SMD:R_Array_Concave_4x0603","C1980"
"4.7k","RN2","Resistor_SMD:R_Array_Concave_4x0603","C1980"
"1k","RN3","Resistor_SMD:R_Array_Concave_4x0603","C240722"
"1k","RN4","Resistor_SMD:R_Array_Concave_4x0603","C240722"
"Button_SPST","SW1","hellen-one-common:SMD-2_2.9x3.9x1.7","C115357"
"Button_SPST","SW2","hellen-one-common:SMD-2_2.9x3.9x1.7","C115357"
"TestPoint","TP1","TestPoint:TestPoint_Pad_D1.0mm",""
"TestPoint","TP2","TestPoint:TestPoint_Pad_D1.0mm",""
"TestPoint","TP3","TestPoint:TestPoint_Pad_D1.0mm",""
"TestPoint","TP4","TestPoint:TestPoint_Pad_D1.0mm",""
"TLS115_SOIC","U1","hellen-one-common:PG-DSO-8-43","C540242"
"TLS115_SON","U2","Package_SON:HVSON-8-1EP_3x3mm_P0.65mm_EP1.6x2.4mm",""
"MCP6002-xSN","U3","Package_SO:SOIC-8_3.9x4.9mm_P1.27mm","C7377"
"L6205PD","U4","hellen-one-common:SO20POWER","C36543"
"MPX4_MAP","U5","rusefi_lib:MPX-4_MAP",""
"MPXA6115A","U6","Package_SO:SSO-8_6.8x5.9mm_P1.27mm_Clearance7mm",""
"LIS2DW12TR","U7","hellen-one-common:LGA-12_2x2mm_P0.5mm","C189624"
"LPS25HB","U8","Package_LGA:ST_HLGA-10_2.5x2.5mm_P0.6mm_LayoutBorder3x2y","C87898"
"VIN9","VIN1","Connector_PinHeader_1.00mm:PinHeader_1x01_P1.00mm_Vertical",""
"VIN8","VIN2","Connector_PinHeader_1.00mm:PinHeader_1x01_P1.00mm_Vertical",""
"VIN8","VIN3","Connector_PinHeader_1.00mm:PinHeader_1x01_P1.00mm_Vertical",""
"VIN8","VIN4","Connector_PinHeader_1.00mm:PinHeader_1x01_P1.00mm_Vertical",""
"VIN8","VIN5","Connector_PinHeader_1.00mm:PinHeader_1x01_P1.00mm_Vertical",""
"VIN8","VIN6","Connector_PinHeader_1.00mm:PinHeader_1x01_P1.00mm_Vertical",""
"VIN8","VIN7","Connector_PinHeader_1.00mm:PinHeader_1x01_P1.00mm_Vertical",""
"VIN8","VIN8","Connector_PinHeader_1.00mm:PinHeader_1x01_P1.00mm_Vertical",""
"VIN10","VIN9","Connector_PinHeader_1.00mm:PinHeader_1x01_P1.00mm_Vertical",""
"VIN16","VIN10","Connector_PinHeader_1.00mm:PinHeader_1x01_P1.00mm_Vertical",""
"VIN17","VIN11","Connector_PinHeader_1.00mm:PinHeader_1x01_P1.00mm_Vertical",""
"VOUT4","VOUT1","Connector_PinHeader_1.00mm:PinHeader_1x01_P1.00mm_Vertical",""
"VOUT4","VOUT2","Connector_PinHeader_1.00mm:PinHeader_1x01_P1.00mm_Vertical",""
"VOUT4","VOUT3","Connector_PinHeader_1.00mm:PinHeader_1x01_P1.00mm_Vertical",""
"VOUT4","VOUT4","Connector_PinHeader_1.00mm:PinHeader_1x01_P1.00mm_Vertical",""
"VOUT4","VOUT5","Connector_PinHeader_1.00mm:PinHeader_1x01_P1.00mm_Vertical",""
"VOUT4","VOUT6","Connector_PinHeader_1.00mm:PinHeader_1x01_P1.00mm_Vertical",""
"VOUT4","VOUT7","Connector_PinHeader_1.00mm:PinHeader_1x01_P1.00mm_Vertical",""
"VOUT4","VOUT8","Connector_PinHeader_1.00mm:PinHeader_1x01_P1.00mm_Vertical",""
"VOUT4","VOUT9","Connector_PinHeader_1.00mm:PinHeader_1x01_P1.00mm_Vertical",""
"VOUT4","VOUT10","Connector_PinHeader_1.00mm:PinHeader_1x01_P1.00mm_Vertical",""
"VOUT4","VOUT11","Connector_PinHeader_1.00mm:PinHeader_1x01_P1.00mm_Vertical",""
"VOUT4","VOUT12","Connector_PinHeader_1.00mm:PinHeader_1x01_P1.00mm_Vertical",""
"VOUT5","VOUT13","Connector_PinHeader_1.00mm:PinHeader_1x01_P1.00mm_Vertical",""
"VOUT4","VOUT14","Connector_PinHeader_1.00mm:PinHeader_1x01_P1.00mm_Vertical",""
"VOUT4","VOUT15","Connector_PinHeader_1.00mm:PinHeader_1x01_P1.00mm_Vertical",""
"VOUT4","VOUT16","Connector_PinHeader_1.00mm:PinHeader_1x01_P1.00mm_Vertical",""
"VOUT4","VOUT17","Connector_PinHeader_1.00mm:PinHeader_1x01_P1.00mm_Vertical",""
"VOUT6","VOUT18","Connector_PinHeader_1.00mm:PinHeader_1x01_P1.00mm_Vertical",""
"VOUT4","VOUT19","Connector_PinHeader_1.00mm:PinHeader_1x01_P1.00mm_Vertical",""
"VOUT4","VOUT20","Connector_PinHeader_1.00mm:PinHeader_1x01_P1.00mm_Vertical",""
"VOUT4","VOUT21","Connector_PinHeader_1.00mm:PinHeader_1x01_P1.00mm_Vertical",""
"VOUT4","VOUT22","Connector_PinHeader_1.00mm:PinHeader_1x01_P1.00mm_Vertical",""
"VOUT4","VOUT23","Connector_PinHeader_1.00mm:PinHeader_1x01_P1.00mm_Vertical",""
"VOUT4","VOUT24","Connector_PinHeader_1.00mm:PinHeader_1x01_P1.00mm_Vertical",""
"VOUT4","VOUT25","Connector_PinHeader_1.00mm:PinHeader_1x01_P1.00mm_Vertical",""
"VOUT4","VOUT26","Connector_PinHeader_1.00mm:PinHeader_1x01_P1.00mm_Vertical",""
